key	value	sameAsDB	sameAsWiki	camel	keyCamel	appendedClass
aerialway	cable_car			CableCar	Aerialway	CableCar
aerialway	gondola			Gondola	Aerialway	Gondola
aerialway	mixed_lift			MixedLift	Aerialway	MixedLift
aerialway	chair_lift			ChairLift	Aerialway	ChairLift
aerialway	drag_lift			DragLift	Aerialway	DragLift
aerialway	t-bar			T-bar	Aerialway	T-bar
aerialway	j-bar			J-bar	Aerialway	J-bar
aerialway	platter			Platter	Aerialway	Platter
aerialway	rope_tow			RopeTow	Aerialway	RopeTow
aerialway	magic_carpet			MagicCarpet	Aerialway	MagicCarpet
aerialway	zip_line			ZipLine	Aerialway	ZipLine
aerialway	goods			Goods	Aerialway	Goods
aerialway	pylon			Pylon	Aerialway	Pylon
aerialway	station			Station	Aerialway	AerialwayStation
aeroway	aerodrome			Aerodrome	Aeroway	Aerodrome
aeroway	apron			Apron	Aeroway	Apron
aeroway	gate			Gate	Aeroway	AerowayGate
aeroway	hangar			Hangar	Aeroway	AerowayHangar
aeroway	helipad			Helipad	Aeroway	Helipad
aeroway	heliport			Heliport	Aeroway	Heliport
aeroway	navigationaid			Navigationaid	Aeroway	Navigationaid
aeroway	runway			Runway	Aeroway	Runway
aeroway	spaceport			Spaceport	Aeroway	Spaceport
aeroway	taxiway			Taxiway	Aeroway	Taxiway
aeroway	terminal			Terminal	Aeroway	AerowayTerminal
aeroway	windsock			Windsock	Aeroway	Windsock
amenity	bar		Q212198	Bar	Amenity	Bar
amenity	biergarten			Biergarten	Amenity	Biergarten
amenity	cafe			Cafe	Amenity	Cafe
amenity	fast_food			FastFood	Amenity	FastFood
amenity	food_court			FoodCourt	Amenity	FoodCourt
amenity	ice_cream			IceCream	Amenity	AmenityIceCream
amenity	pub			Pub	Amenity	Pub
amenity	restaurant		Q11707	Restaurant	Amenity	Restaurant
amenity	college			College	Amenity	AmenityCollege
amenity	driving_school			DrivingSchool	Amenity	DrivingSchool
amenity	kindergarten			Kindergarten	Amenity	AmenityKindergarten
amenity	language_school			LanguageSchool	Amenity	LanguageSchool
amenity	library	Library	Q7075	Library	Amenity	Library
amenity	toy_library			ToyLibrary	Amenity	ToyLibrary
amenity	music_school			MusicSchool	Amenity	MusicSchool
amenity	school	School	Q3914	School	Amenity	AmenitySchool
amenity	university			University	Amenity	AmenityUniversity
amenity	bicycle_parking			BicycleParking	Amenity	BicycleParking
amenity	bicycle_repair_station			BicycleRepairStation	Amenity	BicycleRepairStation
amenity	bicycle_rental		Q61663696	BicycleRental	Amenity	BicycleRental
amenity	boat_rental			BoatRental	Amenity	BoatRental
amenity	boat_sharing			BoatSharing	Amenity	BoatSharing
amenity	bus_station			BusStation	Amenity	BusStation
amenity	car_rental			CarRental	Amenity	CarRental
amenity	car_sharing			CarSharing	Amenity	CarSharing
amenity	car_wash			CarWash	Amenity	CarWash
amenity	vehicle_inspection			VehicleInspection	Amenity	VehicleInspection
amenity	charging_station			ChargingStation	Amenity	ChargingStation
amenity	ferry_terminal			FerryTerminal	Amenity	FerryTerminal
amenity	fuel			Fuel	Amenity	AmenityFuel
amenity	grit_bin			GritBin	Amenity	GritBin
amenity	motorcycle_parking			MotorcycleParking	Amenity	MotorcycleParking
amenity	parking			Parking	Amenity	AmenityParking
amenity	parking_entrance			ParkingEntrance	Amenity	ParkingEntrance
amenity	parking_space			ParkingSpace	Amenity	ParkingSpace
amenity	taxi			Taxi	Amenity	Taxi
amenity	atm			Atm	Amenity	Atm
amenity	bank		Q18761864	Bank	Amenity	Bank
amenity	bureau_de_change			BureauDeChange	Amenity	BureauDeChange
amenity	baby_hatch			BabyHatch	Amenity	BabyHatch
amenity	clinic			Clinic	Amenity	Clinic
amenity	dentist			Dentist	Amenity	Dentist
amenity	doctors			Doctors	Amenity	Doctors
amenity	hospital			Hospital	Amenity	AmenityHospital
amenity	nursing_home			NursingHome	Amenity	NursingHome
amenity	pharmacy			Pharmacy	Amenity	Pharmacy
amenity	social_facility			SocialFacility	Amenity	SocialFacility
amenity	veterinary			Veterinary	Amenity	Veterinary
amenity	arts_centre			ArtsCentre	Amenity	ArtsCentre
amenity	brothel			Brothel	Amenity	Brothel
amenity	casino			Casino	Amenity	Casino
amenity	cinema		Q41253	Cinema	Amenity	Cinema
amenity	community_centre			CommunityCentre	Amenity	CommunityCentre
amenity	conference_centre			ConferenceCentre	Amenity	ConferenceCentre
amenity	events_venue			EventsVenue	Amenity	EventsVenue
amenity	fountain		Q483453	Fountain	Amenity	Fountain
amenity	gambling			Gambling	Amenity	Gambling
amenity	love_hotel			LoveHotel	Amenity	LoveHotel
amenity	nightclub			Nightclub	Amenity	Nightclub
amenity	planetarium			Planetarium	Amenity	Planetarium
amenity	public_bookcase			PublicBookcase	Amenity	PublicBookcase
amenity	social_centre			SocialCentre	Amenity	SocialCentre
amenity	stripclub			Stripclub	Amenity	Stripclub
amenity	studio			Studio	Amenity	Studio
amenity	swingerclub			Swingerclub	Amenity	Swingerclub
amenity	theatre		Q11635	Theatre	Amenity	Theatre
amenity	courthouse			Courthouse	Amenity	Courthouse
amenity	embassy			Embassy	Amenity	Embassy
amenity	fire_station			FireStation	Amenity	AmenityFireStation
amenity	police		Q861951	Police	Amenity	Police
amenity	post_box			PostBox	Amenity	PostBox
amenity	post_depot			PostDepot	Amenity	PostDepot
amenity	post_office			PostOffice	Amenity	PostOffice
amenity	prison			Prison	Amenity	Prison
amenity	ranger_station			RangerStation	Amenity	RangerStation
amenity	townhall			Townhall	Amenity	Townhall
amenity	bbq			Bbq	Amenity	Bbq
amenity	bench			Bench	Amenity	Bench
amenity	dog_toilet			DogToilet	Amenity	DogToilet
amenity	drinking_water			DrinkingWater	Amenity	AmenityDrinkingWater
amenity	give_box			GiveBox	Amenity	GiveBox
amenity	shelter			Shelter	Amenity	Shelter
amenity	shower			Shower	Amenity	Shower
amenity	telephone			Telephone	Amenity	Telephone
amenity	toilets			Toilets	Amenity	AmenityToilets
amenity	water_point			WaterPoint	Amenity	AmenityWaterPoint
amenity	watering_place			WateringPlace	Amenity	WateringPlace
amenity	sanitary_dump_station			SanitaryDumpStation	Amenity	SanitaryDumpStation
amenity	recycling			Recycling	Amenity	Recycling
amenity	waste_basket			WasteBasket	Amenity	WasteBasket
amenity	waste_disposal			WasteDisposal	Amenity	WasteDisposal
amenity	waste_transfer_station			WasteTransferStation	Amenity	WasteTransferStation
amenity	animal_boarding			AnimalBoarding	Amenity	AnimalBoarding
amenity	animal_breeding			AnimalBreeding	Amenity	AnimalBreeding
amenity	animal_shelter			AnimalShelter	Amenity	AnimalShelter
amenity	baking_oven			BakingOven	Amenity	BakingOven
amenity	childcare			Childcare	Amenity	Childcare
amenity	clock			Clock	Amenity	Clock
amenity	crematorium			Crematorium	Amenity	Crematorium
amenity	dive_centre			DiveCentre	Amenity	DiveCentre
amenity	funeral_hall			FuneralHall	Amenity	FuneralHall
amenity	grave_yard			GraveYard	Amenity	GraveYard
amenity	hunting_stand			HuntingStand	Amenity	HuntingStand
amenity	internet_cafe			InternetCafe	Amenity	InternetCafe
amenity	kitchen			Kitchen	Amenity	AmenityKitchen
amenity	kneipp_water_cure			KneippWaterCure	Amenity	KneippWaterCure
amenity	lounger			Lounger	Amenity	Lounger
amenity	marketplace			Marketplace	Amenity	Marketplace
amenity	monastery			Monastery	Amenity	AmenityMonastery
amenity	photo_booth			PhotoBooth	Amenity	PhotoBooth
amenity	place_of_mourning			PlaceOfMourning	Amenity	PlaceOfMourning
amenity	place_of_worship			PlaceOfWorship	Amenity	PlaceOfWorship
amenity	public_bath			PublicBath	Amenity	PublicBath
amenity	refugee_site			RefugeeSite	Amenity	RefugeeSite
amenity	vending_machine			VendingMachine	Amenity	VendingMachine
barrier	cable_barrier			CableBarrier	Barrier	CableBarrier
barrier	city_wall			CityWall	Barrier	CityWall
barrier	ditch			Ditch	Barrier	BarrierDitch
barrier	fence			Fence	Barrier	Fence
barrier	guard_rail			GuardRail	Barrier	GuardRail
barrier	handrail			Handrail	Barrier	Handrail
barrier	hedge			Hedge	Barrier	Hedge
barrier	kerb			Kerb	Barrier	Kerb
barrier	retaining_wall			RetainingWall	Barrier	RetainingWall
barrier	wall			Wall	Barrier	Wall
barrier	block			Block	Barrier	Block
barrier	bollard			Bollard	Barrier	Bollard
barrier	border_control			BorderControl	Barrier	BorderControl
barrier	bump_gate			BumpGate	Barrier	BumpGate
barrier	bus_trap			BusTrap	Barrier	BusTrap
barrier	cattle_grid			CattleGrid	Barrier	CattleGrid
barrier	chain			Chain	Barrier	Chain
barrier	cycle_barrier			CycleBarrier	Barrier	CycleBarrier
barrier	debris			Debris	Barrier	Debris
barrier	entrance			Entrance	Barrier	Entrance
barrier	full-height_turnstile			Full-heightTurnstile	Barrier	Full-heightTurnstile
barrier	gate			Gate	Barrier	BarrierGate
barrier	hampshire_gate			HampshireGate	Barrier	HampshireGate
barrier	height_restrictor			HeightRestrictor	Barrier	HeightRestrictor
barrier	horse_stile			HorseStile	Barrier	HorseStile
barrier	jersey_barrier			JerseyBarrier	Barrier	JerseyBarrier
barrier	kissing_gate			KissingGate	Barrier	KissingGate
barrier	lift_gate			LiftGate	Barrier	LiftGate
barrier	log			Log	Barrier	Log
barrier	motorcycle_barrier			MotorcycleBarrier	Barrier	MotorcycleBarrier
barrier	rope			Rope	Barrier	Rope
barrier	sally_port			SallyPort	Barrier	SallyPort
barrier	spikes			Spikes	Barrier	Spikes
barrier	stile			Stile	Barrier	Stile
barrier	sump_buster			SumpBuster	Barrier	SumpBuster
barrier	swing_gate			SwingGate	Barrier	SwingGate
barrier	toll_booth			TollBooth	Barrier	TollBooth
barrier	turnstile			Turnstile	Barrier	Turnstile
boundary	aboriginal_lands			AboriginalLands	Boundary	AboriginalLands
boundary	administrative			Administrative	Boundary	Administrative
boundary	hazard			Hazard	Boundary	Hazard
boundary	maritime			Maritime	Boundary	Maritime
boundary	marker			Marker	Boundary	Marker
boundary	national_park			NationalPark	Boundary	NationalPark
boundary	political			Political	Boundary	Political
boundary	postal_code			PostalCode	Boundary	PostalCode
boundary	protected_area			ProtectedArea	Boundary	ProtectedArea
boundary	special_economic_zone			SpecialEconomicZone	Boundary	SpecialEconomicZone
building	apartments			Apartments	Building	Apartments
building	bungalow			Bungalow	Building	Bungalow
building	cabin			Cabin	Building	Cabin
building	detached			Detached	Building	Detached
building	dormitory			Dormitory	Building	Dormitory
building	farm			Farm	Building	BuildingFarm
building	ger			Ger	Building	Ger
building	hotel		Q27686	Hotel	Building	BuildingHotel
building	house			House	Building	House
building	houseboat			Houseboat	Building	Houseboat
building	residential			Residential	Building	BuildingResidential
building	semidetached_house			SemidetachedHouse	Building	SemidetachedHouse
building	static_caravan			StaticCaravan	Building	StaticCaravan
building	terrace			Terrace	Building	Terrace
building	commercial			Commercial	Building	BuildingCommercial
building	industrial			Industrial	Building	BuildingIndustrial
building	kiosk			Kiosk	Building	BuildingKiosk
building	office			Office	Building	BuildingOffice
building	retail			Retail	Building	BuildingRetail
building	supermarket			Supermarket	Building	BuildingSupermarket
building	warehouse			Warehouse	Building	Warehouse
building	cathedral			Cathedral	Building	Cathedral
building	chapel			Chapel	Building	Chapel
building	church		Q16970	Church	Building	BuildingChurch
building	monastery			Monastery	Building	BuildingMonastery
building	mosque			Mosque	Building	Mosque
building	presbytery			Presbytery	Building	Presbytery
building	religious			Religious	Building	BuildingReligious
building	shrine			Shrine	Building	Shrine
building	synagogue			Synagogue	Building	Synagogue
building	temple			Temple	Building	Temple
building	bakehouse			Bakehouse	Building	Bakehouse
building	civic			Civic	Building	Civic
building	fire_station			FireStation	Building	BuildingFireStation
building	government			Government	Building	BuildingGovernment
building	hospital			Hospital	Building	BuildingHospital
building	public			Public	Building	Public
building	toilets			Toilets	Building	BuildingToilets
building	train_station			TrainStation	Building	TrainStation
building	transportation			Transportation	Building	Transportation
building	kindergarten			Kindergarten	Building	BuildingKindergarten
building	school	School	Q3914	School	Building	BuildingSchool
building	university			University	Building	BuildingUniversity
building	college			College	Building	BuildingCollege
building	barn			Barn	Building	Barn
building	conservatory			Conservatory	Building	Conservatory
building	cowshed			Cowshed	Building	Cowshed
building	farm_auxiliary			FarmAuxiliary	Building	FarmAuxiliary
building	greenhouse			Greenhouse	Building	Greenhouse
building	slurry_tank			SlurryTank	Building	SlurryTank
building	stable			Stable	Building	Stable
building	sty			Sty	Building	Sty
building	grandstand			Grandstand	Building	Grandstand
building	pavilion			Pavilion	Building	Pavilion
building	riding_hall			RidingHall	Building	RidingHall
building	sports_hall			SportsHall	Building	SportsHall
building	stadium			Stadium	Building	BuildingStadium
building	hangar			Hangar	Building	BuildingHangar
building	hut			Hut	Building	Hut
building	shed			Shed	Building	Shed
building	carport			Carport	Building	Carport
building	garage			Garage	Building	Garage
building	garages			Garages	Building	BuildingGarages
building	parking			Parking	Building	BuildingParking
building	digester			Digester	Building	Digester
building	service			Service	Building	BuildingService
building	transformer_tower			TransformerTower	Building	TransformerTower
building	water_tower			WaterTower	Building	BuildingWaterTower
building	military			Military	Building	BuildingMilitary
building	bunker			Bunker	Building	BuildingBunker
building	bridge			Bridge	Building	BuildingBridge
building	construction			Construction	Building	BuildingConstruction
building	container			Container	Building	Container
building	marquee			Marquee	Building	Marquee
building	gatehouse			Gatehouse	Building	Gatehouse
building	roof			Roof	Building	Roof
building	ruins		Q17715832	Ruins	Building	BuildingRuins
building	tree_house			TreeHouse	Building	TreeHouse
craft	agricultural_engines			AgriculturalEngines	Craft	AgriculturalEngines
craft	atelier			Atelier	Craft	Atelier
craft	bakery			Bakery	Craft	CraftBakery
craft	basket_maker			BasketMaker	Craft	BasketMaker
craft	beekeeper			Beekeeper	Craft	Beekeeper
craft	blacksmith			Blacksmith	Craft	Blacksmith
craft	boatbuilder			Boatbuilder	Craft	Boatbuilder
craft	bookbinder			Bookbinder	Craft	Bookbinder
craft	brewery			Brewery	Craft	Brewery
craft	builder			Builder	Craft	Builder
craft	cabinet_maker			CabinetMaker	Craft	CabinetMaker
craft	car_painter			CarPainter	Craft	CarPainter
craft	carpenter			Carpenter	Craft	Carpenter
craft	carpet_layer			CarpetLayer	Craft	CarpetLayer
craft	caterer			Caterer	Craft	Caterer
craft	chimney_sweeper			ChimneySweeper	Craft	ChimneySweeper
craft	clockmaker			Clockmaker	Craft	Clockmaker
craft	confectionery			Confectionery	Craft	CraftConfectionery
craft	cooper			Cooper	Craft	Cooper
craft	dental_technician			DentalTechnician	Craft	DentalTechnician
craft	distillery			Distillery	Craft	Distillery
craft	door_construction			DoorConstruction	Craft	DoorConstruction
craft	dressmaker			Dressmaker	Craft	Dressmaker
craft	electronics_repair			ElectronicsRepair	Craft	ElectronicsRepair
craft	embroiderer			Embroiderer	Craft	Embroiderer
craft	electrician			Electrician	Craft	Electrician
craft	engraver			Engraver	Craft	Engraver
craft	floorer			Floorer	Craft	Floorer
craft	gardener			Gardener	Craft	Gardener
craft	glaziery			Glaziery	Craft	CraftGlaziery
craft	goldsmith			Goldsmith	Craft	Goldsmith
craft	grinding_mill			GrindingMill	Craft	GrindingMill
craft	handicraft			Handicraft	Craft	Handicraft
craft	hvac			Hvac	Craft	Hvac
craft	insulation			Insulation	Craft	Insulation
craft	interior_work			InteriorWork	Craft	InteriorWork
craft	jeweller			Jeweller	Craft	Jeweller
craft	joiner			Joiner	Craft	Joiner
craft	key_cutter			KeyCutter	Craft	KeyCutter
craft	locksmith			Locksmith	Craft	CraftLocksmith
craft	metal_construction			MetalConstruction	Craft	MetalConstruction
craft	mint			Mint	Craft	Mint
craft	musical_instrument			MusicalInstrument	Craft	CraftMusicalInstrument
craft	oil_mill			OilMill	Craft	OilMill
craft	optician			Optician	Craft	CraftOptician
craft	organ_builder			OrganBuilder	Craft	OrganBuilder
craft	painter			Painter	Craft	Painter
craft	parquet_layer			ParquetLayer	Craft	ParquetLayer
craft	paver			Paver	Craft	Paver
craft	photographer			Photographer	Craft	Photographer
craft	photographic_laboratory			PhotographicLaboratory	Craft	PhotographicLaboratory
craft	piano_tuner			PianoTuner	Craft	PianoTuner
craft	plasterer			Plasterer	Craft	Plasterer
craft	plumber			Plumber	Craft	Plumber
craft	pottery			Pottery	Craft	Pottery
craft	printer			Printer	Craft	Printer
craft	printmaker			Printmaker	Craft	Printmaker
craft	rigger			Rigger	Craft	Rigger
craft	roofer			Roofer	Craft	Roofer
craft	saddler			Saddler	Craft	Saddler
craft	sailmaker			Sailmaker	Craft	Sailmaker
craft	sawmill			Sawmill	Craft	Sawmill
craft	scaffolder			Scaffolder	Craft	Scaffolder
craft	sculptor			Sculptor	Craft	Sculptor
craft	shoemaker			Shoemaker	Craft	Shoemaker
craft	signmaker			Signmaker	Craft	Signmaker
craft	stand_builder			StandBuilder	Craft	StandBuilder
craft	stonemason			Stonemason	Craft	Stonemason
craft	stove_fitter			StoveFitter	Craft	StoveFitter
craft	sun_protection			SunProtection	Craft	SunProtection
craft	tailor			Tailor	Craft	CraftTailor
craft	tiler			Tiler	Craft	Tiler
craft	tinsmith			Tinsmith	Craft	Tinsmith
craft	toolmaker			Toolmaker	Craft	Toolmaker
craft	turner			Turner	Craft	Turner
craft	upholsterer			Upholsterer	Craft	Upholsterer
craft	watchmaker			Watchmaker	Craft	Watchmaker
craft	water_well_drilling			WaterWellDrilling	Craft	WaterWellDrilling
craft	window_construction			WindowConstruction	Craft	WindowConstruction
craft	winery			Winery	Craft	Winery
emergency	ambulance_station			AmbulanceStation	Emergency	AmbulanceStation
emergency	defibrillator			Defibrillator	Emergency	Defibrillator
emergency	landing_site			LandingSite	Emergency	LandingSite
emergency	emergency_ward_entrance			EmergencyWardEntrance	Emergency	EmergencyWardEntrance
emergency	dry_riser_inlet			DryRiserInlet	Emergency	DryRiserInlet
emergency	fire_alarm_box			FireAlarmBox	Emergency	FireAlarmBox
emergency	fire_extinguisher			FireExtinguisher	Emergency	FireExtinguisher
emergency	fire_hose			FireHose	Emergency	FireHose
emergency	fire_hydrant			FireHydrant	Emergency	FireHydrant
emergency	water_tank			WaterTank	Emergency	WaterTank
emergency	suction_point			SuctionPoint	Emergency	SuctionPoint
emergency	lifeguard			Lifeguard	Emergency	Lifeguard
emergency	lifeguard_base			LifeguardBase	Emergency	LifeguardBase
emergency	lifeguard_tower			LifeguardTower	Emergency	LifeguardTower
emergency	lifeguard_platform			LifeguardPlatform	Emergency	LifeguardPlatform
emergency	life_ring			LifeRing	Emergency	LifeRing
emergency	assembly_point			AssemblyPoint	Emergency	AssemblyPoint
emergency	phone			Phone	Emergency	Phone
emergency	siren			Siren	Emergency	Siren
emergency	drinking_water			DrinkingWater	Emergency	EmergencyDrinkingWater
geological	moraine			Moraine	Geological	Moraine
geological	outcrop			Outcrop	Geological	Outcrop
geological	palaeontological_site			PalaeontologicalSite	Geological	PalaeontologicalSite
geological	volcanic_caldera_rim			VolcanicCalderaRim	Geological	VolcanicCalderaRim
geological	volcanic_vent			VolcanicVent	Geological	VolcanicVent
geological	volcanic_lava_field			VolcanicLavaField	Geological	VolcanicLavaField
healthcare	alternative			Alternative	Healthcare	Alternative
healthcare	audiologist			Audiologist	Healthcare	Audiologist
healthcare	birthing_center			BirthingCenter	Healthcare	BirthingCenter
healthcare	blood_bank			BloodBank	Healthcare	BloodBank
healthcare	blood_donation			BloodDonation	Healthcare	BloodDonation
healthcare	counselling			Counselling	Healthcare	Counselling
healthcare	dialysis			Dialysis	Healthcare	Dialysis
healthcare	hospice			Hospice	Healthcare	Hospice
healthcare	laboratory			Laboratory	Healthcare	Laboratory
healthcare	midwife			Midwife	Healthcare	Midwife
healthcare	nurse			Nurse	Healthcare	Nurse
healthcare	occupational_therapist			OccupationalTherapist	Healthcare	OccupationalTherapist
healthcare	optometrist			Optometrist	Healthcare	Optometrist
healthcare	physiotherapist			Physiotherapist	Healthcare	Physiotherapist
healthcare	podiatrist			Podiatrist	Healthcare	Podiatrist
healthcare	psychotherapist			Psychotherapist	Healthcare	Psychotherapist
healthcare	rehabilitation			Rehabilitation	Healthcare	Rehabilitation
healthcare	sample_collection			SampleCollection	Healthcare	SampleCollection
healthcare	speech_therapist			SpeechTherapist	Healthcare	SpeechTherapist
healthcare	vaccination_centre			VaccinationCentre	Healthcare	VaccinationCentre
highway	motorway			Motorway	Highway	Motorway
highway	trunk			Trunk	Highway	Trunk
highway	primary			Primary	Highway	Primary
highway	secondary			Secondary	Highway	Secondary
highway	tertiary			Tertiary	Highway	Tertiary
highway	unclassified			Unclassified	Highway	Unclassified
highway	residential			Residential	Highway	HighwayResidential
highway	motorway_link			MotorwayLink	Highway	MotorwayLink
highway	trunk_link			TrunkLink	Highway	TrunkLink
highway	primary_link			PrimaryLink	Highway	PrimaryLink
highway	secondary_link			SecondaryLink	Highway	SecondaryLink
highway	tertiary_link			TertiaryLink	Highway	TertiaryLink
highway	living_street			LivingStreet	Highway	LivingStreet
highway	service			Service	Highway	HighwayService
highway	pedestrian			Pedestrian	Highway	Pedestrian
highway	track			Track	Highway	HighwayTrack
highway	bus_guideway			BusGuideway	Highway	BusGuideway
highway	escape			Escape	Highway	Escape
highway	raceway			Raceway	Highway	Raceway
highway	road			Road	Highway	HighwayRoad
highway	busway			Busway	Highway	Busway
highway	footway			Footway	Highway	Footway
highway	bridleway			Bridleway	Highway	Bridleway
highway	steps			Steps	Highway	Steps
highway	corridor			Corridor	Highway	Corridor
highway	path			Path	Highway	Path
footway	sidewalk			Sidewalk	Footway	Sidewalk
footway	crossing			Crossing	Footway	FootwayCrossing
highway	cycleway			Cycleway	Highway	Cycleway
cycleway	lane			Lane	Cycleway	CyclewayLane
cycleway	opposite			Opposite	Cycleway	Opposite
cycleway	opposite_lane			OppositeLane	Cycleway	OppositeLane
cycleway	track			Track	Cycleway	CyclewayTrack
cycleway	opposite_track			OppositeTrack	Cycleway	OppositeTrack
cycleway	share_busway			ShareBusway	Cycleway	ShareBusway
cycleway	opposite_share_busway			OppositeShareBusway	Cycleway	OppositeShareBusway
cycleway	shared_lane			SharedLane	Cycleway	SharedLane
busway	lane			Lane	Busway	BuswayLane
highway	proposed			Proposed	Highway	Proposed
highway	construction			Construction	Highway	HighwayConstruction
highway	bus_stop			BusStop	Highway	BusStop
highway	crossing			Crossing	Highway	HighwayCrossing
highway	elevator			Elevator	Highway	Elevator
highway	emergency_bay			EmergencyBay	Highway	EmergencyBay
highway	emergency_access_point			EmergencyAccessPoint	Highway	EmergencyAccessPoint
highway	give_way			GiveWay	Highway	GiveWay
highway	milestone		Q10145	Milestone	Highway	HighwayMilestone
highway	mini_roundabout			MiniRoundabout	Highway	MiniRoundabout
highway	motorway_junction			MotorwayJunction	Highway	MotorwayJunction
highway	passing_place			PassingPlace	Highway	PassingPlace
highway	platform			Platform	Highway	HighwayPlatform
highway	rest_area			RestArea	Highway	RestArea
highway	speed_camera			SpeedCamera	Highway	SpeedCamera
highway	street_lamp			StreetLamp	Highway	StreetLamp
highway	services			Services	Highway	Services
highway	stop			Stop	Highway	Stop
highway	traffic_mirror			TrafficMirror	Highway	TrafficMirror
highway	traffic_signals			TrafficSignals	Highway	TrafficSignals
highway	trailhead			Trailhead	Highway	Trailhead
highway	turning_circle			TurningCircle	Highway	TurningCircle
highway	turning_loop			TurningLoop	Highway	TurningLoop
highway	toll_gantry			TollGantry	Highway	TollGantry
historic	aircraft			Aircraft	Historic	Aircraft
historic	aqueduct			Aqueduct	Historic	Aqueduct
historic	archaeological_site		Q839954	ArchaeologicalSite	Historic	ArchaeologicalSite
historic	battlefield			Battlefield	Historic	Battlefield
historic	bomb_crater			BombCrater	Historic	BombCrater
historic	boundary_stone			BoundaryStone	Historic	BoundaryStone
historic	building			Building	Historic	Building
historic	cannon			Cannon	Historic	Cannon
historic	castle	Castle	Q23413	Castle	Historic	Castle
historic	castle_wall			CastleWall	Historic	CastleWall
historic	charcoal_pile			CharcoalPile	Historic	CharcoalPile
historic	church		Q16970	Church	Historic	HistoricChurch
historic	city_gate			CityGate	Historic	CityGate
historic	citywalls			Citywalls	Historic	Citywalls
historic	farm			Farm	Historic	HistoricFarm
historic	fort			Fort	Historic	Fort
historic	gallows			Gallows	Historic	Gallows
historic	highwater_mark			HighwaterMark	Historic	HighwaterMark
historic	locomotive			Locomotive	Historic	Locomotive
historic	manor			Manor	Historic	Manor
historic	memorial		Q5003624	Memorial	Historic	Memorial
historic	milestone		Q10145	Milestone	Historic	HistoricMilestone
historic	monastery			Monastery	Historic	HistoricMonastery
historic	monument	Monument	Q4989906	Monument	Historic	Monument
historic	optical_telegraph			OpticalTelegraph	Historic	OpticalTelegraph
historic	pillory			Pillory	Historic	Pillory
historic	railway_car			RailwayCar	Historic	RailwayCar
historic	ruins		Q17715832	Ruins	Historic	HistoricRuins
historic	rune_stone			RuneStone	Historic	RuneStone
historic	ship			Ship	Historic	Ship
historic	tank			Tank	Historic	Tank
historic	tomb		Q381885	Tomb	Historic	Tomb
historic	tower	Tower		Tower	Historic	HistoricTower
historic	wayside_cross		Q2309609	WaysideCross	Historic	WaysideCross
historic	wayside_shrine			WaysideShrine	Historic	WaysideShrine
historic	wreck			Wreck	Historic	Wreck
landuse	commercial			Commercial	Landuse	LanduseCommercial
landuse	construction			Construction	Landuse	LanduseConstruction
landuse	education			Education	Landuse	Education
landuse	industrial			Industrial	Landuse	LanduseIndustrial
landuse	residential			Residential	Landuse	LanduseResidential
landuse	retail			Retail	Landuse	LanduseRetail
landuse	allotments			Allotments	Landuse	LanduseAllotments
landuse	farmland			Farmland	Landuse	Farmland
landuse	farmyard			Farmyard	Landuse	Farmyard
landuse	flowerbed			Flowerbed	Landuse	Flowerbed
landuse	forest			Forest	Landuse	Forest
landuse	meadow			Meadow	Landuse	Meadow
landuse	orchard			Orchard	Landuse	Orchard
landuse	vineyard			Vineyard	Landuse	Vineyard
landuse	basin			Basin	Landuse	LanduseBasin
landuse	brownfield			Brownfield	Landuse	Brownfield
landuse	cemetery			Cemetery	Landuse	Cemetery
landuse	depot			Depot	Landuse	Depot
landuse	garages			Garages	Landuse	LanduseGarages
landuse	grass			Grass	Landuse	Grass
landuse	greenfield			Greenfield	Landuse	Greenfield
landuse	greenhouse_horticulture			GreenhouseHorticulture	Landuse	GreenhouseHorticulture
landuse	landfill			Landfill	Landuse	Landfill
landuse	military			Military	Landuse	LanduseMilitary
landuse	plant_nursery			PlantNursery	Landuse	PlantNursery
landuse	port			Port	Landuse	Port
landuse	quarry			Quarry	Landuse	Quarry
landuse	railway			Railway	Landuse	LanduseRailway
landuse	recreation_ground			RecreationGround	Landuse	RecreationGround
landuse	religious			Religious	Landuse	LanduseReligious
landuse	reservoir			Reservoir	Landuse	LanduseReservoir
landuse	salt_pond			SaltPond	Landuse	SaltPond
landuse	village_green			VillageGreen	Landuse	VillageGreen
landuse	winter_sports			WinterSports	Landuse	WinterSports
leisure	adult_gaming_centre			AdultGamingCentre	Leisure	AdultGamingCentre
leisure	amusement_arcade			AmusementArcade	Leisure	AmusementArcade
leisure	beach_resort			BeachResort	Leisure	BeachResort
leisure	bandstand			Bandstand	Leisure	Bandstand
leisure	bird_hide			BirdHide	Leisure	BirdHide
leisure	common			Common	Leisure	Common
leisure	dance			Dance	Leisure	Dance
leisure	disc_golf_course			DiscGolfCourse	Leisure	DiscGolfCourse
leisure	dog_park			DogPark	Leisure	DogPark
leisure	escape_game			EscapeGame	Leisure	EscapeGame
leisure	firepit			Firepit	Leisure	Firepit
leisure	fishing			Fishing	Leisure	LeisureFishing
leisure	fitness_centre			FitnessCentre	Leisure	FitnessCentre
leisure	fitness_station			FitnessStation	Leisure	FitnessStation
leisure	garden			Garden	Leisure	Garden
leisure	hackerspace			Hackerspace	Leisure	Hackerspace
leisure	horse_riding			HorseRiding	Leisure	HorseRiding
leisure	ice_rink			IceRink	Leisure	IceRink
leisure	marina			Marina	Leisure	Marina
leisure	miniature_golf			MiniatureGolf	Leisure	LeisureMiniatureGolf
leisure	nature_reserve			NatureReserve	Leisure	NatureReserve
leisure	park			Park	Leisure	Park
leisure	picnic_table			PicnicTable	Leisure	PicnicTable
leisure	pitch			Pitch	Leisure	Pitch
leisure	playground			Playground	Leisure	Playground
leisure	slipway			Slipway	Leisure	Slipway
leisure	sports_centre			SportsCentre	Leisure	SportsCentre
leisure	stadium			Stadium	Leisure	LeisureStadium
leisure	summer_camp			SummerCamp	Leisure	SummerCamp
leisure	swimming_area			SwimmingArea	Leisure	SwimmingArea
leisure	swimming_pool			SwimmingPool	Leisure	LeisureSwimmingPool
leisure	track			Track	Leisure	LeisureTrack
leisure	water_park			WaterPark	Leisure	WaterPark
man_made	adit	Mine		Adit	ManMade	Adit
man_made	beacon			Beacon	ManMade	Beacon
man_made	breakwater			Breakwater	ManMade	Breakwater
man_made	bridge			Bridge	ManMade	ManMadeBridge
man_made	bunker_silo			BunkerSilo	ManMade	BunkerSilo
man_made	carpet_hanger			CarpetHanger	ManMade	CarpetHanger
man_made	chimney			Chimney	ManMade	Chimney
man_made	communications_tower			CommunicationsTower	ManMade	CommunicationsTower
man_made	crane			Crane	ManMade	Crane
man_made	cross			Cross	ManMade	Cross
man_made	cutline			Cutline	ManMade	Cutline
man_made	clearcut			Clearcut	ManMade	Clearcut
man_made	dovecote			Dovecote	ManMade	Dovecote
man_made	dyke			Dyke	ManMade	Dyke
man_made	embankment			Embankment	ManMade	Embankment
man_made	flagpole			Flagpole	ManMade	Flagpole
man_made	gasometer			Gasometer	ManMade	Gasometer
man_made	goods_conveyor			GoodsConveyor	ManMade	GoodsConveyor
man_made	groyne			Groyne	ManMade	Groyne
man_made	guard_stone			GuardStone	ManMade	GuardStone
man_made	kiln			Kiln	ManMade	Kiln
man_made	lighthouse		Q39715	Lighthouse	ManMade	Lighthouse
man_made	mast			Mast	ManMade	Mast
man_made	mineshaft	Mine	Q556186	Mineshaft	ManMade	Mineshaft
man_made	monitoring_station			MonitoringStation	ManMade	MonitoringStation
man_made	obelisk			Obelisk	ManMade	Obelisk
man_made	observatory			Observatory	ManMade	Observatory
man_made	offshore_platform			OffshorePlatform	ManMade	OffshorePlatform
man_made	petroleum_well			PetroleumWell	ManMade	PetroleumWell
man_made	pier			Pier	ManMade	Pier
man_made	pipeline			Pipeline	ManMade	Pipeline
man_made	pump			Pump	ManMade	Pump
man_made	pumping_station			PumpingStation	ManMade	PumpingStation
man_made	reservoir_covered			ReservoirCovered	ManMade	ReservoirCovered
man_made	silo			Silo	ManMade	Silo
man_made	snow_fence			SnowFence	ManMade	SnowFence
man_made	snow_net			SnowNet	ManMade	SnowNet
man_made	storage_tank			StorageTank	ManMade	StorageTank
man_made	street_cabinet			StreetCabinet	ManMade	StreetCabinet
man_made	surveillance			Surveillance	ManMade	Surveillance
man_made	survey_point			SurveyPoint	ManMade	SurveyPoint
man_made	tailings_pond			TailingsPond	ManMade	TailingsPond
man_made	telescope			Telescope	ManMade	Telescope
man_made	tower	Tower		Tower	ManMade	ManMadeTower
man_made	wastewater_plant			WastewaterPlant	ManMade	WastewaterPlant
man_made	watermill			Watermill	ManMade	Watermill
man_made	water_tower			WaterTower	ManMade	ManMadeWaterTower
man_made	water_well			WaterWell	ManMade	WaterWell
man_made	water_tap			WaterTap	ManMade	WaterTap
man_made	water_works			WaterWorks	ManMade	WaterWorks
man_made	wildlife_crossing			WildlifeCrossing	ManMade	WildlifeCrossing
man_made	windmill			Windmill	ManMade	Windmill
man_made	works			Works	ManMade	Works
military	airfield			Airfield	Military	Airfield
military	bunker			Bunker	Military	MilitaryBunker
military	barracks			Barracks	Military	Barracks
military	checkpoint			Checkpoint	Military	Checkpoint
military	danger_area			DangerArea	Military	DangerArea
military	naval_base			NavalBase	Military	NavalBase
military	nuclear_explosion_site			NuclearExplosionSite	Military	NuclearExplosionSite
military	obstacle_course			ObstacleCourse	Military	MilitaryObstacleCourse
military	office			Office	Military	MilitaryOffice
military	range			Range	Military	Range
military	training_area			TrainingArea	Military	TrainingArea
military	trench			Trench	Military	Trench
natural	wood			Wood	Natural	Wood
natural	tree_row			TreeRow	Natural	TreeRow
natural	tree			Tree	Natural	Tree
natural	scrub			Scrub	Natural	Scrub
natural	heath			Heath	Natural	Heath
natural	moor			Moor	Natural	Moor
natural	grassland			Grassland	Natural	Grassland
natural	fell			Fell	Natural	Fell
natural	bare_rock			BareRock	Natural	BareRock
natural	scree			Scree	Natural	Scree
natural	shingle			Shingle	Natural	Shingle
natural	sand			Sand	Natural	Sand
natural	mud			Mud	Natural	Mud
natural	water			Water	Natural	NaturalWater
natural	wetland			Wetland	Natural	Wetland
natural	glacier			Glacier	Natural	Glacier
natural	bay			Bay	Natural	NaturalBay
natural	strait			Strait	Natural	Strait
natural	cape			Cape	Natural	Cape
natural	beach			Beach	Natural	Beach
natural	coastline			Coastline	Natural	Coastline
natural	reef			Reef	Natural	Reef
natural	spring			Spring	Natural	Spring
natural	hot_spring			HotSpring	Natural	HotSpring
natural	geyser			Geyser	Natural	Geyser
natural	blowhole			Blowhole	Natural	Blowhole
natural	peak	Mountain	Q8502	Peak	Natural	Peak
natural	volcano			Volcano	Natural	Volcano
natural	valley			Valley	Natural	Valley
natural	peninsula			Peninsula	Natural	Peninsula
natural	isthmus			Isthmus	Natural	Isthmus
natural	ridge			Ridge	Natural	Ridge
natural	arete			Arete	Natural	Arete
natural	cliff			Cliff	Natural	Cliff
natural	saddle	MountainPass	Q133056	Saddle	Natural	Saddle
natural	dune			Dune	Natural	Dune
natural	rock			Rock	Natural	Rock
natural	stone			Stone	Natural	Stone
natural	sinkhole			Sinkhole	Natural	Sinkhole
natural	cave_entrance	Cave		CaveEntrance	Natural	CaveEntrance
office	accountant			Accountant	Office	Accountant
office	advertising_agency			AdvertisingAgency	Office	AdvertisingAgency
office	architect			Architect	Office	Architect
office	association			Association	Office	Association
office	charity			Charity	Office	OfficeCharity
office	company			Company	Office	Company
office	consulting			Consulting	Office	Consulting
office	courier			Courier	Office	Courier
office	coworking			Coworking	Office	Coworking
office	diplomatic			Diplomatic	Office	Diplomatic
office	educational_institution			EducationalInstitution	Office	EducationalInstitution
office	employment_agency			EmploymentAgency	Office	EmploymentAgency
office	energy_supplier			EnergySupplier	Office	EnergySupplier
office	engineer			Engineer	Office	Engineer
office	estate_agent			EstateAgent	Office	EstateAgent
office	financial			Financial	Office	Financial
office	financial_advisor			FinancialAdvisor	Office	FinancialAdvisor
office	forestry			Forestry	Office	Forestry
office	foundation			Foundation	Office	Foundation
office	government			Government	Office	OfficeGovernment
office	guide			Guide	Office	Guide
office	insurance			Insurance	Office	Insurance
office	it			It	Office	It
office	lawyer			Lawyer	Office	Lawyer
office	logistics			Logistics	Office	Logistics
office	moving_company			MovingCompany	Office	MovingCompany
office	newspaper			Newspaper	Office	Newspaper
office	ngo			Ngo	Office	Ngo
office	notary			Notary	Office	Notary
office	political_party			PoliticalParty	Office	PoliticalParty
office	property_management			PropertyManagement	Office	PropertyManagement
office	quango			Quango	Office	Quango
office	religion			Religion	Office	OfficeReligion
office	research			Research	Office	Research
office	surveyor			Surveyor	Office	Surveyor
office	tax_advisor			TaxAdvisor	Office	TaxAdvisor
office	telecommunication			Telecommunication	Office	Telecommunication
office	visa			Visa	Office	Visa
office	water_utility			WaterUtility	Office	WaterUtility
place	country			Country	Place	Country
place	state			State	Place	State
place	region			Region	Place	Region
place	province			Province	Place	Province
place	district			District	Place	District
place	county			County	Place	County
place	municipality	Municipality	Q15284	Municipality	Place	Municipality
place	city	City	Q515	City	Place	City
place	borough			Borough	Place	Borough
place	suburb	Town		Suburb	Place	Suburb
place	quarter			Quarter	Place	Quarter
place	neighbourhood		Q123705	Neighbourhood	Place	Neighbourhood
place	city_block			CityBlock	Place	CityBlock
place	plot			Plot	Place	Plot
place	town		Q3957	Town	Place	Town
place	village	Village	Q532	Village	Place	Village
place	hamlet		Q5084	Hamlet	Place	Hamlet
place	isolated_dwelling			IsolatedDwelling	Place	IsolatedDwelling
place	farm			Farm	Place	PlaceFarm
place	allotments			Allotments	Place	PlaceAllotments
place	continent			Continent	Place	Continent
place	archipelago			Archipelago	Place	Archipelago
place	island			Island	Place	Island
place	islet			Islet	Place	Islet
place	square			Square	Place	Square
place	locality			Locality	Place	Locality
place	sea			Sea	Place	Sea
place	ocean			Ocean	Place	Ocean
power	cable			Cable	Power	Cable
power	catenary_mast			CatenaryMast	Power	CatenaryMast
power	compensator			Compensator	Power	Compensator
power	converter			Converter	Power	Converter
power	generator			Generator	Power	Generator
power	heliostat			Heliostat	Power	Heliostat
power	insulator			Insulator	Power	Insulator
power	line			Line	Power	Line
line	busbar			Busbar	Line	Busbar
line	bay			Bay	Line	LineBay
power	minor_line			MinorLine	Power	MinorLine
power	plant			Plant	Power	Plant
power	pole			Pole	Power	Pole
power	portal			Portal	Power	Portal
power	substation			Substation	Power	Substation
power	switch			Switch	Power	PowerSwitch
power	switchgear			Switchgear	Power	Switchgear
power	terminal			Terminal	Power	PowerTerminal
power	tower	Tower		Tower	Power	PowerTower
power	transformer			Transformer	Power	Transformer
public_transport	stop_position			StopPosition	PublicTransport	StopPosition
public_transport	platform			Platform	PublicTransport	PublicTransportPlatform
public_transport	station		Q55488	Station	PublicTransport	PublicTransportStation
public_transport	stop_area			StopArea	PublicTransport	StopArea
railway	abandoned			Abandoned	Railway	Abandoned
railway	construction			Construction	Railway	RailwayConstruction
railway	disused			Disused	Railway	Disused
railway	funicular			Funicular	Railway	Funicular
railway	light_rail			LightRail	Railway	RailwayLightRail
railway	miniature			Miniature	Railway	Miniature
railway	monorail			Monorail	Railway	Monorail
railway	narrow_gauge			NarrowGauge	Railway	NarrowGauge
railway	preserved			Preserved	Railway	Preserved
railway	rail			Rail	Railway	Rail
railway	subway			Subway	Railway	RailwaySubway
railway	tram			Tram	Railway	RailwayTram
railway	halt	Station	Q55678	Halt	Railway	Halt
railway	platform			Platform	Railway	RailwayPlatform
railway	station	Station	Q55488	Station	Railway	RailwayStation
railway	subway_entrance			SubwayEntrance	Railway	SubwayEntrance
railway	tram_stop	Station	Q22808404	TramStop	Railway	TramStop
railway	buffer_stop			BufferStop	Railway	BufferStop
railway	derail			Derail	Railway	Derail
railway	crossing			Crossing	Railway	RailwayCrossing
railway	level_crossing			LevelCrossing	Railway	LevelCrossing
railway	signal			Signal	Railway	Signal
railway	switch			Switch	Railway	RailwaySwitch
railway	railway_crossing			RailwayCrossing	Railway	RailwayCrossing
railway	turntable			Turntable	Railway	Turntable
railway	roundhouse			Roundhouse	Railway	Roundhouse
railway	traverser			Traverser	Railway	Traverser
railway	wash			Wash	Railway	Wash
route	bicycle			Bicycle	Route	RouteBicycle
route	bus			Bus	Route	Bus
route	canoe			Canoe	Route	RouteCanoe
route	detour			Detour	Route	Detour
route	ferry			Ferry	Route	Ferry
route	foot			Foot	Route	Foot
route	hiking			Hiking	Route	Hiking
route	horse			Horse	Route	Horse
route	inline_skates			InlineSkates	Route	InlineSkates
route	light_rail			LightRail	Route	RouteLightRail
route	mtb			Mtb	Route	Mtb
route	piste			Piste	Route	Piste
route	railway			Railway	Route	RouteRailway
route	road			Road	Route	RouteRoad
route	running			Running	Route	RouteRunning
route	ski			Ski	Route	RouteSki
route	subway			Subway	Route	RouteSubway
route	train			Train	Route	Train
route	tracks			Tracks	Route	Tracks
route	tram			Tram	Route	RouteTram
route	trolleybus			Trolleybus	Route	Trolleybus
shop	alcohol			Alcohol	Shop	Alcohol
shop	bakery			Bakery	Shop	ShopBakery
shop	beverages			Beverages	Shop	Beverages
shop	brewing_supplies			BrewingSupplies	Shop	BrewingSupplies
shop	butcher			Butcher	Shop	Butcher
shop	cheese			Cheese	Shop	Cheese
shop	chocolate			Chocolate	Shop	Chocolate
shop	coffee			Coffee	Shop	Coffee
shop	confectionery			Confectionery	Shop	ShopConfectionery
shop	convenience			Convenience	Shop	Convenience
shop	deli			Deli	Shop	Deli
shop	dairy			Dairy	Shop	Dairy
shop	farm			Farm	Shop	ShopFarm
shop	frozen_food			FrozenFood	Shop	FrozenFood
shop	greengrocer			Greengrocer	Shop	Greengrocer
shop	health_food			HealthFood	Shop	HealthFood
shop	ice_cream			IceCream	Shop	ShopIceCream
shop	pasta			Pasta	Shop	Pasta
shop	pastry			Pastry	Shop	Pastry
shop	seafood			Seafood	Shop	Seafood
shop	spices			Spices	Shop	Spices
shop	tea			Tea	Shop	Tea
shop	water			Water	Shop	ShopWater
shop	department_store			DepartmentStore	Shop	DepartmentStore
shop	general			General	Shop	General
shop	kiosk			Kiosk	Shop	ShopKiosk
shop	mall			Mall	Shop	Mall
shop	supermarket			Supermarket	Shop	ShopSupermarket
shop	wholesale			Wholesale	Shop	Wholesale
shop	baby_goods			BabyGoods	Shop	BabyGoods
shop	bag			Bag	Shop	Bag
shop	boutique			Boutique	Shop	Boutique
shop	clothes			Clothes	Shop	Clothes
shop	fabric			Fabric	Shop	Fabric
shop	fashion_accessories			FashionAccessories	Shop	FashionAccessories
shop	jewelry			Jewelry	Shop	Jewelry
shop	leather			Leather	Shop	Leather
shop	sewing			Sewing	Shop	Sewing
shop	shoes			Shoes	Shop	Shoes
shop	tailor			Tailor	Shop	ShopTailor
shop	watches			Watches	Shop	Watches
shop	wool			Wool	Shop	Wool
shop	charity			Charity	Shop	ShopCharity
shop	second_hand			SecondHand	Shop	SecondHand
shop	variety_store			VarietyStore	Shop	VarietyStore
shop	beauty			Beauty	Shop	Beauty
shop	chemist			Chemist	Shop	Chemist
shop	cosmetics			Cosmetics	Shop	Cosmetics
shop	drugstore			Drugstore	Shop	Drugstore
shop	erotic			Erotic	Shop	Erotic
shop	hairdresser			Hairdresser	Shop	Hairdresser
shop	hairdresser_supply			HairdresserSupply	Shop	HairdresserSupply
shop	hearing_aids			HearingAids	Shop	HearingAids
shop	herbalist			Herbalist	Shop	Herbalist
shop	massage			Massage	Shop	Massage
shop	medical_supply			MedicalSupply	Shop	MedicalSupply
shop	nutrition_supplements			NutritionSupplements	Shop	NutritionSupplements
shop	optician			Optician	Shop	ShopOptician
shop	perfumery			Perfumery	Shop	Perfumery
shop	tattoo			Tattoo	Shop	Tattoo
shop	agrarian			Agrarian	Shop	Agrarian
shop	appliance			Appliance	Shop	Appliance
shop	bathroom_furnishing			BathroomFurnishing	Shop	BathroomFurnishing
shop	doityourself			Doityourself	Shop	Doityourself
shop	electrical			Electrical	Shop	Electrical
shop	energy			Energy	Shop	Energy
shop	fireplace			Fireplace	Shop	Fireplace
shop	florist			Florist	Shop	Florist
shop	garden_centre			GardenCentre	Shop	GardenCentre
shop	garden_furniture			GardenFurniture	Shop	GardenFurniture
shop	gas			Gas	Shop	Gas
shop	glaziery			Glaziery	Shop	ShopGlaziery
shop	groundskeeping			Groundskeeping	Shop	Groundskeeping
shop	hardware			Hardware	Shop	Hardware
shop	houseware			Houseware	Shop	Houseware
shop	locksmith			Locksmith	Shop	ShopLocksmith
shop	paint			Paint	Shop	Paint
shop	security			Security	Shop	Security
shop	trade			Trade	Shop	Trade
shop	antiques			Antiques	Shop	Antiques
shop	bed			Bed	Shop	Bed
shop	candles			Candles	Shop	Candles
shop	carpet			Carpet	Shop	Carpet
shop	curtain			Curtain	Shop	Curtain
shop	doors			Doors	Shop	Doors
shop	flooring			Flooring	Shop	Flooring
shop	furniture			Furniture	Shop	Furniture
shop	household_linen			HouseholdLinen	Shop	HouseholdLinen
shop	interior_decoration			InteriorDecoration	Shop	InteriorDecoration
shop	kitchen			Kitchen	Shop	ShopKitchen
shop	lamps			Lamps	Shop	Lamps
shop	lighting			Lighting	Shop	Lighting
shop	tiles			Tiles	Shop	Tiles
shop	window_blind			WindowBlind	Shop	WindowBlind
shop	computer			Computer	Shop	Computer
shop	electronics			Electronics	Shop	Electronics
shop	hifi			Hifi	Shop	Hifi
shop	mobile_phone			MobilePhone	Shop	MobilePhone
shop	radiotechnics			Radiotechnics	Shop	Radiotechnics
shop	vacuum_cleaner			VacuumCleaner	Shop	VacuumCleaner
shop	atv			Atv	Shop	Atv
shop	bicycle			Bicycle	Shop	ShopBicycle
shop	boat			Boat	Shop	Boat
shop	car			Car	Shop	Car
shop	car_repair			CarRepair	Shop	CarRepair
shop	car_parts			CarParts	Shop	CarParts
shop	caravan			Caravan	Shop	Caravan
shop	fuel			Fuel	Shop	ShopFuel
shop	fishing			Fishing	Shop	ShopFishing
shop	golf			Golf	Shop	ShopGolf
shop	hunting			Hunting	Shop	Hunting
shop	jetski			Jetski	Shop	Jetski
shop	military_surplus			MilitarySurplus	Shop	MilitarySurplus
shop	motorcycle			Motorcycle	Shop	Motorcycle
shop	outdoor			Outdoor	Shop	Outdoor
shop	scuba_diving			ScubaDiving	Shop	ShopScubaDiving
shop	ski			Ski	Shop	ShopSki
shop	snowmobile			Snowmobile	Shop	Snowmobile
shop	sports			Sports	Shop	Sports
shop	swimming_pool			SwimmingPool	Shop	ShopSwimmingPool
shop	trailer			Trailer	Shop	Trailer
shop	tyres			Tyres	Shop	Tyres
shop	art			Art	Shop	Art
shop	collector			Collector	Shop	Collector
shop	craft			Craft	Shop	Craft
shop	frame			Frame	Shop	Frame
shop	games			Games	Shop	Games
shop	model			Model	Shop	Model
shop	music			Music	Shop	Music
shop	musical_instrument			MusicalInstrument	Shop	ShopMusicalInstrument
shop	photo			Photo	Shop	Photo
shop	camera			Camera	Shop	Camera
shop	trophy			Trophy	Shop	Trophy
shop	video			Video	Shop	Video
shop	video_games			VideoGames	Shop	VideoGames
shop	anime			Anime	Shop	Anime
shop	books			Books	Shop	Books
shop	gift			Gift	Shop	Gift
shop	lottery			Lottery	Shop	Lottery
shop	newsagent			Newsagent	Shop	Newsagent
shop	stationery			Stationery	Shop	Stationery
shop	ticket			Ticket	Shop	Ticket
shop	bookmaker			Bookmaker	Shop	Bookmaker
shop	cannabis			Cannabis	Shop	Cannabis
shop	copyshop			Copyshop	Shop	Copyshop
shop	dry_cleaning			DryCleaning	Shop	DryCleaning
shop	e-cigarette			E-cigarette	Shop	E-cigarette
shop	funeral_directors			FuneralDirectors	Shop	FuneralDirectors
shop	laundry			Laundry	Shop	Laundry
shop	money_lender			MoneyLender	Shop	MoneyLender
shop	party			Party	Shop	Party
shop	pawnbroker			Pawnbroker	Shop	Pawnbroker
shop	pet			Pet	Shop	Pet
shop	pet_grooming			PetGrooming	Shop	PetGrooming
shop	pest_control			PestControl	Shop	PestControl
shop	pyrotechnics			Pyrotechnics	Shop	Pyrotechnics
shop	religion			Religion	Shop	ShopReligion
shop	storage_rental			StorageRental	Shop	StorageRental
shop	tobacco			Tobacco	Shop	Tobacco
shop	toys			Toys	Shop	Toys
shop	travel_agency			TravelAgency	Shop	TravelAgency
shop	vacant			Vacant	Shop	Vacant
shop	weapons			Weapons	Shop	Weapons
shop	outpost			Outpost	Shop	Outpost
sport	9pin			9pin	Sport	9pin
sport	10pin			10pin	Sport	10pin
sport	american_football			AmericanFootball	Sport	AmericanFootball
sport	aikido			Aikido	Sport	Aikido
sport	archery			Archery	Sport	Archery
sport	athletics			Athletics	Sport	Athletics
sport	australian_football			AustralianFootball	Sport	AustralianFootball
sport	badminton			Badminton	Sport	Badminton
sport	bandy			Bandy	Sport	Bandy
sport	baseball			Baseball	Sport	Baseball
sport	basketball			Basketball	Sport	Basketball
sport	beachvolleyball			Beachvolleyball	Sport	Beachvolleyball
sport	biathlon			Biathlon	Sport	Biathlon
sport	billiards			Billiards	Sport	Billiards
sport	bmx			Bmx	Sport	Bmx
sport	bobsleigh			Bobsleigh	Sport	Bobsleigh
sport	boules			Boules	Sport	Boules
sport	bowls			Bowls	Sport	Bowls
sport	boxing			Boxing	Sport	Boxing
sport	bullfighting			Bullfighting	Sport	Bullfighting
sport	canadian_football			CanadianFootball	Sport	CanadianFootball
sport	canoe			Canoe	Sport	SportCanoe
sport	chess			Chess	Sport	Chess
sport	cliff_diving			CliffDiving	Sport	CliffDiving
sport	climbing			Climbing	Sport	Climbing
sport	climbing_adventure			ClimbingAdventure	Sport	ClimbingAdventure
sport	cockfighting			Cockfighting	Sport	Cockfighting
sport	cricket			Cricket	Sport	Cricket
sport	crossfit			Crossfit	Sport	Crossfit
sport	croquet			Croquet	Sport	Croquet
sport	curling			Curling	Sport	Curling
sport	cycle_polo			CyclePolo	Sport	CyclePolo
sport	cycling			Cycling	Sport	Cycling
sport	darts			Darts	Sport	Darts
sport	dog_agility			DogAgility	Sport	DogAgility
sport	dog_racing			DogRacing	Sport	DogRacing
sport	equestrian			Equestrian	Sport	Equestrian
sport	fencing			Fencing	Sport	Fencing
sport	field_hockey			FieldHockey	Sport	FieldHockey
sport	fitness			Fitness	Sport	Fitness
sport	five-a-side			Five-a-side	Sport	Five-a-side
sport	floorball			Floorball	Sport	Floorball
sport	free_flying			FreeFlying	Sport	FreeFlying
sport	futsal			Futsal	Sport	Futsal
sport	gaelic_games			GaelicGames	Sport	GaelicGames
sport	golf			Golf	Sport	SportGolf
sport	gymnastics			Gymnastics	Sport	Gymnastics
sport	handball			Handball	Sport	Handball
sport	hapkido			Hapkido	Sport	Hapkido
sport	horseshoes			Horseshoes	Sport	Horseshoes
sport	horse_racing			HorseRacing	Sport	HorseRacing
sport	ice_hockey			IceHockey	Sport	IceHockey
sport	ice_skating			IceSkating	Sport	IceSkating
sport	ice_stock			IceStock	Sport	IceStock
sport	jiu-jitsu			Jiu-jitsu	Sport	Jiu-jitsu
sport	judo			Judo	Sport	Judo
sport	karate			Karate	Sport	Karate
sport	karting			Karting	Sport	Karting
sport	kickboxing			Kickboxing	Sport	Kickboxing
sport	kitesurfing			Kitesurfing	Sport	Kitesurfing
sport	korfball			Korfball	Sport	Korfball
sport	krachtbal			Krachtbal	Sport	Krachtbal
sport	lacrosse			Lacrosse	Sport	Lacrosse
sport	martial_arts			MartialArts	Sport	MartialArts
sport	miniature_golf			MiniatureGolf	Sport	SportMiniatureGolf
sport	model_aerodrome			ModelAerodrome	Sport	ModelAerodrome
sport	motocross			Motocross	Sport	Motocross
sport	motor			Motor	Sport	Motor
sport	multi			Multi	Sport	Multi
sport	netball			Netball	Sport	Netball
sport	obstacle_course			ObstacleCourse	Sport	SportObstacleCourse
sport	orienteering			Orienteering	Sport	Orienteering
sport	paddle_tennis			PaddleTennis	Sport	PaddleTennis
sport	padel			Padel	Sport	Padel
sport	parachuting			Parachuting	Sport	Parachuting
sport	parkour			Parkour	Sport	Parkour
sport	pedal_car_racing			PedalCarRacing	Sport	PedalCarRacing
sport	pelota			Pelota	Sport	Pelota
sport	pespallo			Pespallo	Sport	Pespallo
sport	pickleball			Pickleball	Sport	Pickleball
sport	pilates			Pilates	Sport	Pilates
sport	pole_dance			PoleDance	Sport	PoleDance
sport	racquet			Racquet	Sport	Racquet
sport	rc_car			RcCar	Sport	RcCar
sport	roller_skating			RollerSkating	Sport	RollerSkating
sport	rowing			Rowing	Sport	Rowing
sport	rugby_league			RugbyLeague	Sport	RugbyLeague
sport	rugby_union			RugbyUnion	Sport	RugbyUnion
sport	running			Running	Sport	SportRunning
sport	sailing			Sailing	Sport	Sailing
sport	scuba_diving			ScubaDiving	Sport	SportScubaDiving
sport	shooting			Shooting	Sport	Shooting
sport	shot-put			Shot-put	Sport	Shot-put
sport	skateboard			Skateboard	Sport	Skateboard
sport	ski_jumping			SkiJumping	Sport	SkiJumping
sport	skiing			Skiing	Sport	Skiing
sport	snooker			Snooker	Sport	Snooker
sport	soccer			Soccer	Sport	Soccer
sport	speedway			Speedway	Sport	Speedway
sport	squash			Squash	Sport	Squash
sport	sumo			Sumo	Sport	Sumo
sport	surfing			Surfing	Sport	Surfing
sport	swimming			Swimming	Sport	Swimming
sport	table_tennis			TableTennis	Sport	TableTennis
sport	table_soccer			TableSoccer	Sport	TableSoccer
sport	taekwondo			Taekwondo	Sport	Taekwondo
sport	tennis			Tennis	Sport	Tennis
sport	toboggan			Toboggan	Sport	Toboggan
sport	ultimate			Ultimate	Sport	Ultimate
sport	volleyball			Volleyball	Sport	Volleyball
sport	wakeboarding			Wakeboarding	Sport	Wakeboarding
sport	water_polo			WaterPolo	Sport	WaterPolo
sport	water_ski			WaterSki	Sport	WaterSki
sport	weightlifting			Weightlifting	Sport	Weightlifting
sport	wrestling			Wrestling	Sport	Wrestling
sport	yoga			Yoga	Sport	Yoga
sport	zurkhaneh_sport			ZurkhanehSport	Sport	ZurkhanehSport
telecom	exchange			Exchange	Telecom	Exchange
telecom	connection_point			ConnectionPoint	Telecom	ConnectionPoint
telecom	distribution_point			DistributionPoint	Telecom	DistributionPoint
telecom	service_device			ServiceDevice	Telecom	ServiceDevice
telecom	data_center			DataCenter	Telecom	DataCenter
tourism	alpine_hut			AlpineHut	Tourism	AlpineHut
tourism	apartment			Apartment	Tourism	Apartment
tourism	aquarium			Aquarium	Tourism	Aquarium
tourism	artwork			Artwork	Tourism	Artwork
tourism	attraction			Attraction	Tourism	Attraction
tourism	camp_pitch			CampPitch	Tourism	CampPitch
tourism	camp_site			CampSite	Tourism	CampSite
tourism	caravan_site			CaravanSite	Tourism	CaravanSite
tourism	chalet			Chalet	Tourism	Chalet
tourism	gallery			Gallery	Tourism	Gallery
tourism	guest_house			GuestHouse	Tourism	GuestHouse
tourism	hostel			Hostel	Tourism	Hostel
tourism	hotel		Q27686	Hotel	Tourism	TourismHotel
tourism	information			Information	Tourism	Information
tourism	motel			Motel	Tourism	Motel
tourism	museum	Museum	Q33506	Museum	Tourism	Museum
tourism	picnic_site			PicnicSite	Tourism	PicnicSite
tourism	theme_park			ThemePark	Tourism	ThemePark
tourism	viewpoint			Viewpoint	Tourism	Viewpoint
tourism	wilderness_hut			WildernessHut	Tourism	WildernessHut
tourism	zoo			Zoo	Tourism	Zoo
water	river			River	Water	WaterRiver
water	oxbow			Oxbow	Water	Oxbow
water	canal			Canal	Water	WaterCanal
water	ditch			Ditch	Water	WaterDitch
water	lock			Lock	Water	Lock
water	fish_pass			FishPass	Water	FishPass
water	lake			Lake	Water	Lake
water	reservoir			Reservoir	Water	WaterReservoir
water	pond			Pond	Water	Pond
water	basin			Basin	Water	WaterBasin
water	lagoon			Lagoon	Water	Lagoon
water	stream_pool			StreamPool	Water	StreamPool
water	reflecting_pool			ReflectingPool	Water	ReflectingPool
water	moat			Moat	Water	Moat
water	wastewater			Wastewater	Water	Wastewater
waterway	river			River	Waterway	WaterwayRiver
waterway	riverbank			Riverbank	Waterway	Riverbank
waterway	stream			Stream	Waterway	Stream
waterway	tidal_channel			TidalChannel	Waterway	TidalChannel
waterway	canal			Canal	Waterway	WaterwayCanal
waterway	drain			Drain	Waterway	Drain
waterway	ditch			Ditch	Waterway	WaterwayDitch
waterway	pressurised			Pressurised	Waterway	Pressurised
waterway	fairway			Fairway	Waterway	Fairway
waterway	dock			Dock	Waterway	Dock
waterway	boatyard			Boatyard	Waterway	Boatyard
waterway	dam			Dam	Waterway	Dam
waterway	weir			Weir	Waterway	Weir
waterway	waterfall			Waterfall	Waterway	Waterfall
waterway	lock_gate			LockGate	Waterway	LockGate
waterway	soakhole			Soakhole	Waterway	Soakhole
waterway	turning_point			TurningPoint	Waterway	TurningPoint
waterway	water_point			WaterPoint	Waterway	WaterwayWaterPoint
waterway	fuel			Fuel	Waterway	WaterwayFuel
